CNTR_ID,region
AD,Western
AL,SE_Europe
AT,Central
BA,SE_Europe
BE,Western
BG,SE_Europe
CH,Central
CY,SE_Europe
CZ,Central
DE,Central
DK,Boreal
EE,Boreal
EL,SE_Europe
ES,SW_Europe
FI,Boreal
FR,Western
HR,SE_Europe
HU,Central
IE,Western
IS,Boreal
IT,SW_Europe
LI,Central
LT,Boreal
LU,Western
LV,Boreal
ME,SE_Europe
MK,SE_Europe
NL,Western
NO,Boreal
PL,Central
PT,SW_Europe
RO,Central
RS,SE_Europe
SE,Boreal
SI,Central
SK,Central
TR,SE_Europe
UK,Western
